size_bytes,size_kb,size_mb,elements,cycles_per_iteration
1024,1,0.000976562,256,16.4609
2048,2,0.00195312,512,2.93945
3072,3,0.00292969,768,1.84766
4096,4,0.00390625,1024,1.76367
5120,5,0.00488281,1280,1.74687
6144,6,0.00585938,1536,1.6237
7168,7,0.00683594,1792,1.6077
8192,8,0.0078125,2048,3.40137
9216,9,0.00878906,2304,1.66102
10240,10,0.00976562,2560,1.5957
11264,11,0.0107422,2816,1.61861
12288,12,0.0117188,3072,1.5957
13312,13,0.0126953,3328,1.64093
14336,14,0.0136719,3584,1.54771
15360,15,0.0146484,3840,1.57891
16384,16,0.015625,4096,1.6167
17408,17,0.0166016,4352,1.64017
18432,18,0.0175781,4608,1.58637
19456,19,0.0185547,4864,1.65317
20480,20,0.0195312,5120,1.64609
21504,21,0.0205078,5376,1.6317
22528,22,0.0214844,5632,1.58043
23552,23,0.0224609,5888,1.59205
24576,24,0.0234375,6144,1.5887
25600,25,0.0244141,6400,1.63266
26624,26,0.0253906,6656,1.58924
27648,27,0.0263672,6912,1.54905
28672,28,0.0273438,7168,1.6017
29696,29,0.0283203,7424,1.53489
30720,30,0.0292969,7680,1.57331
31744,31,0.0302734,7936,1.57132
32768,32,0.03125,8192,1.54846
33792,33,0.0322266,8448,1.57789
34816,34,0.0332031,8704,1.56606
35840,35,0.0341797,8960,1.57891
36864,36,0.0351562,9216,1.54438
37888,37,0.0361328,9472,1.55258
38912,38,0.0371094,9728,1.57802
39936,39,0.0380859,9984,1.53756
40960,40,0.0390625,10240,1.52432
41984,41,0.0400391,10496,1.54859
43008,42,0.0410156,10752,1.57971
44032,43,0.0419922,11008,1.53125
45056,44,0.0429688,11264,1.53081
46080,45,0.0439453,11520,1.54905
47104,46,0.0449219,11776,1.52998
48128,47,0.0458984,12032,1.53674
49152,48,0.046875,12288,1.52222
50176,49,0.0478516,12544,1.65226
51200,50,0.0488281,12800,1.51844
52224,51,0.0498047,13056,1.53477
53248,52,0.0507812,13312,1.54402
54272,53,0.0517578,13568,1.51489
55296,54,0.0527344,13824,1.54282
56320,55,0.0537109,14080,1.5392
57344,56,0.0546875,14336,2.37556
58368,57,0.0556641,14592,1.5795
59392,58,0.0566406,14848,1.54068
60416,59,0.0576172,15104,1.54588
61440,60,0.0585938,15360,1.54251
62464,61,0.0595703,15616,1.54752
63488,62,0.0605469,15872,1.53339
64512,63,0.0615234,16128,1.52772
65536,64,0.0625,16384,1.51959
66560,65,0.0634766,16640,1.5479
67584,66,0.0644531,16896,1.53971
68608,67,0.0654297,17152,1.5393
69632,68,0.0664062,17408,1.54136
70656,69,0.0673828,17664,1.52146
71680,70,0.0683594,17920,1.54291
72704,71,0.0693359,18176,1.51645
73728,72,0.0703125,18432,1.51638
74752,73,0.0712891,18688,1.52322
75776,74,0.0722656,18944,1.55485
76800,75,0.0732422,19200,1.5162
77824,76,0.0742188,19456,1.53603
78848,77,0.0751953,19712,1.53571
79872,78,0.0761719,19968,1.50957
80896,79,0.0771484,20224,1.53511
81920,80,0.078125,20480,1.53901
82944,81,0.0791016,20736,1.52416
83968,82,0.0800781,20992,1.52401
84992,83,0.0810547,21248,1.52791
86016,84,0.0820312,21504,1.52972
87040,85,0.0830078,21760,1.51962
88064,86,0.0839844,22016,1.54688
89088,87,0.0849609,22272,1.52523
90112,88,0.0859375,22528,1.54608
91136,89,0.0869141,22784,1.52304
92160,90,0.0878906,23040,1.53038
93184,91,0.0888672,23296,1.50803
94208,92,0.0898438,23552,1.51354
95232,93,0.0908203,23808,1.52797
96256,94,0.0917969,24064,1.51172
97280,95,0.0927734,24320,1.51525
98304,96,0.09375,24576,1.51347
99328,97,0.0947266,24832,1.50306
100352,98,0.0957031,25088,1.51172
101376,99,0.0966797,25344,1.51172
102400,100,0.0976562,25600,1.52516
103424,101,0.0986328,25856,1.51837
104448,102,0.0996094,26112,1.51666
105472,103,0.100586,26368,1.51498
106496,104,0.101562,26624,1.51818
107520,105,0.102539,26880,1.52132
108544,106,0.103516,27136,1.51964
109568,107,0.104492,27392,1.53056
110592,108,0.105469,27648,1.52416
111616,109,0.106445,27904,1.53329
112640,110,0.107422,28160,1.53157
113664,111,0.108398,28416,1.51626
114688,112,0.109375,28672,1.52972
115712,113,0.110352,28928,1.53104
116736,114,0.111328,29184,1.51761
117760,115,0.112305,29440,1.52925
118784,116,0.113281,29696,1.50737
119808,117,0.114258,29952,1.52033
120832,118,0.115234,30208,1.55015
121856,119,0.116211,30464,1.52301
122880,120,0.117188,30720,1.51312
123904,121,0.118164,30976,1.52282
124928,122,0.119141,31232,1.5131
125952,123,0.120117,31488,1.52128
126976,124,0.121094,31744,1.51985
128000,125,0.12207,32000,1.51575
129024,126,0.123047,32256,1.51438
130048,127,0.124023,32512,1.51833
131072,128,0.125,32768,1.51041
132096,129,0.125977,33024,1.51693
133120,130,0.126953,33280,1.51818
134144,131,0.12793,33536,1.50915
135168,132,0.128906,33792,1.52063
136192,133,0.129883,34048,1.52182
137216,134,0.130859,34304,1.51297
138240,135,0.131836,34560,1.52167
139264,136,0.132812,34816,1.50925
140288,137,0.133789,35072,1.5154
141312,138,0.134766,35328,1.52146
142336,139,0.135742,35584,1.51776
143360,140,0.136719,35840,1.52972
144384,141,0.137695,36096,1.53197
145408,142,0.138672,36352,1.53656
146432,143,0.139648,36608,1.53169
147456,144,0.140625,36864,1.53038
148480,145,0.141602,37120,1.53257
149504,146,0.142578,37376,1.53703
150528,147,0.143555,37632,1.53229
151552,148,0.144531,37888,1.52534
152576,149,0.145508,38144,1.54328
153600,150,0.146484,38400,1.53971
154624,151,0.147461,38656,1.53842
155648,152,0.148438,38912,1.55703
156672,153,0.149414,39168,1.55124
157696,154,0.150391,39424,1.5368
158720,155,0.151367,39680,1.52472
159744,156,0.152344,39936,1.53433
160768,157,0.15332,40192,1.5513
161792,158,0.154297,40448,1.53511
162816,159,0.155273,40704,1.55926
163840,160,0.15625,40960,1.52747
164864,161,0.157227,41216,1.53258
165888,162,0.158203,41472,1.53557
166912,163,0.15918,41728,1.555
167936,164,0.160156,41984,4.37333
168960,165,0.161133,42240,1.52801
169984,166,0.162109,42496,1.54815
171008,167,0.163086,42752,1.52479
172032,168,0.164062,43008,1.54471
173056,169,0.165039,43264,1.54154
174080,170,0.166016,43520,1.52259
175104,171,0.166992,43776,1.52154
176128,172,0.167969,44032,1.54297
177152,173,0.168945,44288,1.53988
178176,174,0.169922,44544,1.53585
179200,175,0.170898,44800,1.53092
180224,176,0.171875,45056,1.5289
181248,177,0.172852,45312,1.54114
182272,178,0.173828,45568,1.53154
183296,179,0.174805,45824,1.53799
184320,180,0.175781,46080,1.53971
185344,181,0.176758,46336,1.53677
186368,182,0.177734,46592,1.57171
187392,183,0.178711,46848,1.52824
188416,184,0.179688,47104,1.52724
189440,185,0.180664,47360,1.53533
190464,186,0.181641,47616,1.53068
191488,187,0.182617,47872,1.52968
192512,188,0.183594,48128,1.52423
193536,189,0.18457,48384,1.51527
194560,190,0.185547,48640,1.52498
195584,191,0.186523,48896,1.52051
196608,192,0.1875,49152,1.51697
197632,193,0.188477,49408,1.52042
198656,194,0.189453,49664,1.51778
199680,195,0.19043,49920,1.51689
200704,196,0.191406,50176,1.52029
201728,197,0.192383,50432,1.52025
202752,198,0.193359,50688,1.5236
203776,199,0.194336,50944,1.51425
204800,200,0.195312,51200,1.52348
205824,201,0.196289,51456,1.52175
206848,202,0.197266,51712,1.5217
207872,203,0.198242,51968,1.51089
208896,204,0.199219,52224,1.51913
209920,205,0.200195,52480,1.51827
210944,206,0.201172,52736,1.52966
211968,207,0.202148,52992,1.5174
212992,208,0.203125,53248,1.52787
214016,209,0.204102,53504,1.54145
215040,210,0.205078,53760,1.52212
216064,211,0.206055,54016,1.54436
217088,212,0.207031,54272,1.52043
218112,213,0.208008,54528,1.52118
219136,214,0.208984,54784,1.55253
220160,215,0.209961,55040,1.51797
221184,216,0.210938,55296,1.52727
222208,217,0.211914,55552,1.5303
223232,218,0.212891,55808,1.53175
224256,219,0.213867,56064,1.52016
225280,220,0.214844,56320,1.52012
226304,221,0.21582,56576,1.51856
227328,222,0.216797,56832,1.52382
228352,223,0.217773,57088,1.52302
229376,224,0.21875,57344,1.51772
230400,225,0.219727,57600,1.52292
231424,226,0.220703,57856,1.5251
232448,227,0.22168,58112,1.5169
233472,228,0.222656,58368,1.53898
234496,229,0.223633,58624,1.52272
235520,230,0.224609,58880,1.53363
236544,231,0.225586,59136,1.52044
237568,232,0.226562,59392,1.52765
238592,233,0.227539,59648,1.53407
239616,234,0.228516,59904,1.54258
240640,235,0.229492,60160,1.53674
241664,236,0.230469,60416,1.5409
242688,237,0.231445,60672,1.54007
243712,238,0.232422,60928,1.53713
244736,239,0.233398,61184,1.54264
245760,240,0.234375,61440,1.53201
246784,241,0.235352,61696,1.53402
247808,242,0.236328,61952,1.52282
248832,243,0.237305,62208,1.52416
249856,244,0.238281,62464,1.52755
250880,245,0.239258,62720,1.52749
251904,246,0.240234,62976,4.31734
252928,247,0.241211,63232,1.5192
253952,248,0.242188,63488,1.52933
254976,249,0.243164,63744,1.52723
256000,250,0.244141,64000,1.53188
257024,251,0.245117,64256,1.53648
258048,252,0.246094,64512,1.52972
259072,253,0.24707,64768,1.5323
260096,254,0.248047,65024,1.52891
261120,255,0.249023,65280,1.52687
262144,256,0.25,65536,1.5419
263168,257,0.250977,65792,1.53002
264192,258,0.251953,66048,1.53581
265216,259,0.25293,66304,1.55322
266240,260,0.253906,66560,1.54079
267264,261,0.254883,66816,1.54132
268288,262,0.255859,67072,1.53736
269312,263,0.256836,67328,1.53343
270336,264,0.257812,67584,1.53399
271360,265,0.258789,67840,1.53327
272384,266,0.259766,68096,1.5515
273408,267,0.260742,68352,1.53059
274432,268,0.261719,68608,1.52989
275456,269,0.262695,68864,1.5367
276480,270,0.263672,69120,1.53971
277504,271,0.264648,69376,1.55077
278528,272,0.265625,69632,1.52963
279552,273,0.266602,69888,1.53202
280576,274,0.267578,70144,1.53134
281600,275,0.268555,70400,1.52638
282624,276,0.269531,70656,1.52815
283648,277,0.270508,70912,1.55902
284672,278,0.271484,71168,1.53347
285696,279,0.272461,71424,1.53941
286720,280,0.273438,71680,1.53152
287744,281,0.274414,71936,1.53025
288768,282,0.275391,72192,1.55818
289792,283,0.276367,72448,1.54318
290816,284,0.277344,72704,1.53183
291840,285,0.27832,72960,1.54178
292864,286,0.279297,73216,1.53227
293888,287,0.280273,73472,1.53337
294912,288,0.28125,73728,1.53563
295936,289,0.282227,73984,1.53845
296960,290,0.283203,74240,1.52967
297984,291,0.28418,74496,1.53596
299008,292,0.285156,74752,3.44796
300032,293,0.286133,75008,1.53293
301056,294,0.287109,75264,1.53514
302080,295,0.288086,75520,1.54759
303104,296,0.289062,75776,1.52761
304128,297,0.290039,76032,1.54056
305152,298,0.291016,76288,1.52186
306176,299,0.291992,76544,1.51902
307200,300,0.292969,76800,1.52684
308224,301,0.293945,77056,1.51674
309248,302,0.294922,77312,1.51951
310272,303,0.295898,77568,1.5217
311296,304,0.296875,77824,1.5189
312320,305,0.297852,78080,1.51557
313344,306,0.298828,78336,1.51995
314368,307,0.299805,78592,1.52485
315392,308,0.300781,78848,1.5139
316416,309,0.301758,79104,1.51715
317440,310,0.302734,79360,1.5166
318464,311,0.303711,79616,1.51172
319488,312,0.304688,79872,1.51441
320512,313,0.305664,80128,1.52245
321536,314,0.306641,80384,1.51225
322560,315,0.307617,80640,1.51598
323584,316,0.308594,80896,1.52607
324608,317,0.30957,81152,1.53715
325632,318,0.310547,81408,1.52545
326656,319,0.311523,81664,1.51593
327680,320,0.3125,81920,1.52432
328704,321,0.313477,82176,1.52114
329728,322,0.314453,82432,1.51015
330752,323,0.31543,82688,3.06348
331776,324,0.316406,82944,1.52623
332800,325,0.317383,83200,1.53291
333824,326,0.318359,83456,1.5179
334848,327,0.319336,83712,1.51429
335872,328,0.320312,83968,3.04187
336896,329,0.321289,84224,1.51529
337920,330,0.322266,84480,1.51579
338944,331,0.323242,84736,1.51629
339968,332,0.324219,84992,1.52184
340992,333,0.325195,85248,1.51222
342016,334,0.326172,85504,1.50518
343040,335,0.327148,85760,1.50771
344064,336,0.328125,86016,1.50672
345088,337,0.329102,86272,1.50524
346112,338,0.330078,86528,1.50824
347136,339,0.331055,86784,1.51717
348160,340,0.332031,87040,1.50678
349184,341,0.333008,87296,1.51664
350208,342,0.333984,87552,1.50779
351232,343,0.334961,87808,1.50633
352256,344,0.335938,88064,1.50732
353280,345,0.336914,88320,1.5088
354304,346,0.337891,88576,1.50638
355328,347,0.338867,88832,1.50591
356352,348,0.339844,89088,1.50689
357376,349,0.34082,89344,1.50642
358400,350,0.341797,89600,1.50644
359424,351,0.342773,89856,1.51363
360448,352,0.34375,90112,1.56039
361472,353,0.344727,90368,1.51315
362496,354,0.345703,90624,1.51267
363520,355,0.34668,90880,1.50888
364544,356,0.347656,91136,1.5103
365568,357,0.348633,91392,1.51595
366592,358,0.349609,91648,1.51876
367616,359,0.350586,91904,3.03513
368640,360,0.351562,92160,1.52618
369664,361,0.352539,92416,1.52475
370688,362,0.353516,92672,1.5261
371712,363,0.354492,92928,1.53671
372736,364,0.355469,93184,1.51818
373760,365,0.356445,93440,1.52092
374784,366,0.357422,93696,1.51814
375808,367,0.358398,93952,1.5163
376832,368,0.359375,94208,1.51993
377856,369,0.360352,94464,1.52264
378880,370,0.361328,94720,1.51807
379904,371,0.362305,94976,1.52575
380928,372,0.363281,95232,1.52617
381952,373,0.364258,95488,1.53198
382976,374,0.365234,95744,1.52205
384000,375,0.366211,96000,1.52157
385024,376,0.367188,96256,3.81503
386048,377,0.368164,96512,1.51261
387072,378,0.369141,96768,1.51483
388096,379,0.370117,97024,1.51837
389120,380,0.371094,97280,1.51172
390144,381,0.37207,97536,1.5126
391168,382,0.373047,97792,1.51216
392192,383,0.374023,98048,1.52137
393216,384,0.375,98304,1.51259
394240,385,0.375977,98560,1.51085
395264,386,0.376953,98816,2.68402
396288,387,0.37793,99072,1.51259
397312,388,0.378906,99328,1.51865
398336,389,0.379883,99584,1.50999
399360,390,0.380859,99840,1.51301
400384,391,0.381836,100096,1.51215
401408,392,0.382812,100352,1.51172
402432,393,0.383789,100608,1.51044
403456,394,0.384766,100864,1.51257
404480,395,0.385742,101120,1.52405
405504,396,0.386719,101376,1.51257
406528,397,0.387695,101632,1.52187
407552,398,0.388672,101888,1.5151
408576,399,0.389648,102144,1.51382
409600,400,0.390625,102400,1.5155
410624,401,0.391602,102656,1.50921
411648,402,0.392578,102912,1.50838
412672,403,0.393555,103168,1.51255
413696,404,0.394531,103424,1.50839
414720,405,0.395508,103680,1.52623
415744,406,0.396484,103936,1.51627
416768,407,0.397461,104192,1.51254
417792,408,0.398438,104448,1.50884
418816,409,0.399414,104704,1.50967
419840,410,0.400391,104960,1.51909
420864,411,0.401367,105216,1.50681
421888,412,0.402344,105472,1.50927
422912,413,0.40332,105728,1.51619
423936,414,0.404297,105984,1.51334
424960,415,0.405273,106240,1.52022
425984,416,0.40625,106496,1.51333
427008,417,0.407227,106752,1.51051
428032,418,0.408203,107008,1.5069
429056,419,0.40918,107264,1.50931
430080,420,0.410156,107520,1.50652
431104,421,0.411133,107776,1.51571
432128,422,0.412109,108032,1.51251
433152,423,0.413086,108288,1.51807
434176,424,0.414062,108544,1.51726
435200,425,0.415039,108800,1.51923
436224,426,0.416016,109056,2.87479
437248,427,0.416992,109312,1.52037
438272,428,0.417969,109568,1.51682
439296,429,0.418945,109824,1.51642
440320,430,0.419922,110080,1.51367
441344,431,0.420898,110336,1.51562
442368,432,0.421875,110592,1.5125
443392,433,0.422852,110848,1.51094
444416,434,0.423828,111104,1.51365
445440,435,0.424805,111360,1.51558
446464,436,0.425781,111616,1.51095
447488,437,0.426758,111872,1.60474
448512,438,0.427734,112128,1.51172
449536,439,0.428711,112384,1.51287
450560,440,0.429688,112640,1.51897
451584,441,0.430664,112896,1.51515
452608,442,0.431641,113152,1.5064
453632,443,0.432617,113408,1.503
454656,444,0.433594,113664,1.51248
455680,445,0.43457,113920,1.50945
456704,446,0.435547,114176,1.50908
457728,447,0.436523,114432,1.52111
458752,448,0.4375,114688,1.51322
459776,449,0.438477,114944,1.51471
460800,450,0.439453,115200,1.50911
461824,451,0.44043,115456,1.50501
462848,452,0.441406,115712,1.51172
463872,453,0.442383,115968,1.50986
464896,454,0.443359,116224,1.51024
465920,455,0.444336,116480,1.51467
466944,456,0.445312,116736,1.52719
467968,457,0.446289,116992,1.51062
468992,458,0.447266,117248,1.50842
470016,459,0.448242,117504,1.52014
471040,460,0.449219,117760,1.50734
472064,461,0.450195,118016,1.51099
473088,462,0.451172,118272,1.51026
474112,463,0.452148,118528,1.51462
475136,464,0.453125,118784,1.50846
476160,465,0.454102,119040,1.5193
477184,466,0.455078,119296,1.5146
478208,467,0.456055,119552,1.51711
479232,468,0.457031,119808,1.51351
480256,469,0.458008,120064,1.51566
481280,470,0.458984,120320,2.71323
482304,471,0.459961,120576,1.51885
483328,472,0.460938,120832,1.51207
484352,473,0.461914,121088,1.51918
485376,474,0.462891,121344,2.48941
486400,475,0.463867,121600,1.51172
487424,476,0.464844,121856,1.51031
488448,477,0.46582,122112,1.51031
489472,478,0.466797,122368,1.51066
490496,479,0.467773,122624,1.51558
491520,480,0.46875,122880,1.51732
492544,481,0.469727,123136,1.50858
493568,482,0.470703,123392,1.50963
494592,483,0.47168,123648,1.51207
495616,484,0.472656,123904,1.51588
496640,485,0.473633,124160,1.51033
497664,486,0.474609,124416,1.51137
498688,487,0.475586,124672,1.51241
499712,488,0.476562,124928,1.50965
500736,489,0.477539,125184,1.52099
501760,490,0.478516,125440,1.51035
502784,491,0.479492,125696,1.51309
503808,492,0.480469,125952,1.51172
504832,493,0.481445,126208,1.51002
505856,494,0.482422,126464,2.72966
506880,495,0.483398,126720,1.51104
507904,496,0.484375,126976,1.51477
508928,497,0.485352,127232,1.50766
509952,498,0.486328,127488,1.51981
510976,499,0.487305,127744,1.50903
512000,500,0.488281,128000,1.51138
513024,501,0.489258,128256,1.51105
514048,502,0.490234,128512,1.51105
515072,503,0.491211,128768,1.50905
516096,504,0.492188,129024,1.50639
517120,505,0.493164,129280,1.50673
518144,506,0.494141,129536,1.51205
519168,507,0.495117,129792,1.5041
520192,508,0.496094,130048,1.50841
521216,509,0.49707,130304,1.51964
522240,510,0.498047,130560,1.51369
523264,511,0.499023,130816,1.5058
524288,512,0.5,131072,1.50811
525312,513,0.500977,131328,1.50975
526336,514,0.501953,131584,1.51074
527360,515,0.50293,131840,1.51041
528384,516,0.503906,132096,1.51074
529408,517,0.504883,132352,1.51724
530432,518,0.505859,132608,1.5101
531456,519,0.506836,132864,1.51463
532480,520,0.507812,133120,1.50978
533504,521,0.508789,133376,1.52139
534528,522,0.509766,133632,1.51043
535552,523,0.510742,133888,2.44631
536576,524,0.511719,134144,1.54698
537600,525,0.512695,134400,2.50833
538624,526,0.513672,134656,1.51204
539648,527,0.514648,134912,1.51427
540672,528,0.515625,135168,1.50695
541696,529,0.516602,135424,1.50569
542720,530,0.517578,135680,1.50665
543744,531,0.518555,135936,1.51014
544768,532,0.519531,136192,1.51172
545792,533,0.520508,136448,1.53535
546816,534,0.521484,136704,1.5114
547840,535,0.522461,136960,1.53464
548864,536,0.523438,137216,1.51642
549888,537,0.524414,137472,2.52923
550912,538,0.525391,137728,2.44647
551936,539,0.526367,137984,1.51359
552960,540,0.527344,138240,1.50892
553984,541,0.52832,138496,1.51358
555008,542,0.529297,138752,1.51513
556032,543,0.530273,139008,1.50955
557056,544,0.53125,139264,1.51079
558080,545,0.532227,139520,1.51203
559104,546,0.533203,139776,1.51541
560128,547,0.53418,140032,1.51479
561152,548,0.535156,140288,1.50988
562176,549,0.536133,140544,1.5108
563200,550,0.537109,140800,1.52058
564224,551,0.538086,141056,1.52452
565248,552,0.539062,141312,1.51507
566272,553,0.540039,141568,1.51506
567296,554,0.541016,141824,1.51687
568320,555,0.541992,142080,1.52776
569344,556,0.542969,142336,1.51474
570368,557,0.543945,142592,1.51323
571392,558,0.544922,142848,1.51654
572416,559,0.545898,143104,2.3753
573440,560,0.546875,143360,1.54321
574464,561,0.547852,143616,2.41803
575488,562,0.548828,143872,1.51441
576512,563,0.549805,144128,1.5147
577536,564,0.550781,144384,2.28158
578560,565,0.551758,144640,1.50845
579584,566,0.552734,144896,1.50845
580608,567,0.553711,145152,1.50728
581632,568,0.554688,145408,1.51054
582656,569,0.555664,145664,1.50877
583680,570,0.556641,145920,1.51408
584704,571,0.557617,146176,1.51084
585728,572,0.558594,146432,1.51377
586752,573,0.55957,146688,2.4826
587776,574,0.560547,146944,1.51406
588800,575,0.561523,147200,1.51347
589824,576,0.5625,147456,1.5088
590848,577,0.563477,147712,1.50997
591872,578,0.564453,147968,1.51724
592896,579,0.56543,148224,1.51578
593920,580,0.566406,148480,1.5149
594944,581,0.567383,148736,1.52299
595968,582,0.568359,148992,1.50739
596992,583,0.569336,149248,1.50913
598016,584,0.570312,149504,1.50827
599040,585,0.571289,149760,1.50827
600064,586,0.572266,150016,1.51029
601088,587,0.573242,150272,1.50657
602112,588,0.574219,150528,1.50915
603136,589,0.575195,150784,1.50544
604160,590,0.576172,151040,1.50773
605184,591,0.577148,151296,1.51541
606208,592,0.578125,151552,1.51002
607232,593,0.579102,151808,3.05998
608256,594,0.580078,152064,2.38323
609280,595,0.581055,152320,1.51991
610304,596,0.582031,152576,2.16189
611328,597,0.583008,152832,1.50581
612352,598,0.583984,153088,1.50891
613376,599,0.584961,153344,1.50835
614400,600,0.585938,153600,1.512
615424,601,0.586914,153856,2.16375
616448,602,0.587891,154112,1.50949
617472,603,0.588867,154368,1.50587
618496,604,0.589844,154624,1.50783
619520,605,0.59082,154880,1.50811
620544,606,0.591797,155136,1.5059
621568,607,0.592773,155392,1.50452
622592,608,0.59375,155648,1.50702
623616,609,0.594727,155904,1.50924
624640,610,0.595703,156160,1.51612
625664,611,0.59668,156416,1.51392
626688,612,0.597656,156672,1.50596
627712,613,0.598633,156928,1.51172
628736,614,0.599609,157184,1.54947
629760,615,0.600586,157440,1.50871
630784,616,0.601562,157696,1.50981
631808,617,0.602539,157952,1.50872
632832,618,0.603516,158208,1.51906
633856,619,0.604492,158464,1.50575
634880,620,0.605469,158720,1.50928
635904,621,0.606445,158976,1.53228
636928,622,0.607422,159232,1.51388
637952,623,0.608398,159488,1.5074
638976,624,0.609375,159744,1.50714
640000,625,0.610352,160000,2.31636
641024,626,0.611328,160256,1.50662
642048,627,0.612305,160512,1.50797
643072,628,0.613281,160768,1.5061
644096,629,0.614258,161024,1.50771
645120,630,0.615234,161280,1.53172
646144,631,0.616211,161536,1.51305
647168,632,0.617188,161792,1.51225
648192,633,0.618164,162048,1.50535
649216,634,0.619141,162304,1.50536
650240,635,0.620117,162560,1.53526
651264,636,0.621094,162816,1.51198
652288,637,0.62207,163072,1.50539
653312,638,0.623047,163328,1.50909
654336,639,0.624023,163584,1.50699
655360,640,0.625,163840,1.51644
656384,641,0.625977,164096,1.51041
657408,642,0.626953,164352,1.51538
658432,643,0.62793,164608,1.52138
659456,644,0.628906,164864,1.51615
660480,645,0.629883,165120,1.51615
661504,646,0.630859,165376,1.5086
662528,647,0.631836,165632,1.51354
663552,648,0.632812,165888,1.50887
664576,649,0.633789,166144,1.51146
665600,650,0.634766,166400,1.53704
666624,651,0.635742,166656,1.54784
667648,652,0.636719,166912,1.50863
668672,653,0.637695,167168,1.50812
669696,654,0.638672,167424,2.293
670720,655,0.639648,167680,2.90394
671744,656,0.640625,167936,1.51044
672768,657,0.641602,168192,1.52041
673792,658,0.642578,168448,1.53444
674816,659,0.643555,168704,1.50662
675840,660,0.644531,168960,1.50816
676864,661,0.645508,169216,1.52163
677888,662,0.646484,169472,1.51375
678912,663,0.647461,169728,1.50767
679936,664,0.648438,169984,1.54663
680960,665,0.649414,170240,1.50616
681984,666,0.650391,170496,1.52181
683008,667,0.651367,170752,1.54496
684032,668,0.652344,171008,1.53058
685056,669,0.65332,171264,1.50971
686080,670,0.654297,171520,1.50771
687104,671,0.655273,171776,1.50571
688128,672,0.65625,172032,1.50972
689152,673,0.657227,172288,1.51521
690176,674,0.658203,172544,3.01995
691200,675,0.65918,172800,1.5157
692224,676,0.660156,173056,1.51992
693248,677,0.661133,173312,1.50998
694272,678,0.662109,173568,1.52708
695296,679,0.663086,173824,1.51444
696320,680,0.664062,174080,1.50777
697344,681,0.665039,174336,1.51419
698368,682,0.666016,174592,1.51664
699392,683,0.666992,174848,1.52869
700416,684,0.667969,175104,1.51393
701440,685,0.668945,175360,1.51098
702464,686,0.669922,175616,1.51
703488,687,0.670898,175872,1.50781
704512,688,0.671875,176128,1.50684
705536,689,0.672852,176384,1.52318
706560,690,0.673828,176640,1.50855
707584,691,0.674805,176896,1.50783
708608,692,0.675781,177152,1.52483
709632,693,0.676758,177408,1.51584
710656,694,0.677734,177664,1.50664
711680,695,0.678711,177920,1.50809
712704,696,0.679688,178176,1.53923
713728,697,0.680664,178432,1.50907
714752,698,0.681641,178688,1.50667
715776,699,0.682617,178944,1.50932
716800,700,0.683594,179200,1.50596
717824,701,0.68457,179456,1.50645
718848,702,0.685547,179712,1.50933
719872,703,0.686523,179968,1.52821
720896,704,0.6875,180224,1.53248
721920,705,0.688477,180480,1.51815
722944,706,0.689453,180736,1.50696
723968,707,0.69043,180992,2.06148
724992,708,0.691406,181248,1.50721
726016,709,0.692383,181504,1.50982
727040,710,0.693359,181760,1.5129
728064,711,0.694336,182016,1.51314
729088,712,0.695312,182272,1.51101
730112,713,0.696289,182528,1.50819
731136,714,0.697266,182784,1.52442
732160,715,0.698242,183040,2.24209
733184,716,0.699219,183296,1.51078
734208,717,0.700195,183552,1.50727
735232,718,0.701172,183808,1.51032
736256,719,0.702148,184064,2.19247
737280,720,0.703125,184320,1.50845
738304,721,0.704102,184576,1.53851
739328,722,0.705078,184832,1.51288
740352,723,0.706055,185088,1.52682
741376,724,0.707031,185344,2.22489
742400,725,0.708008,185600,1.51265
743424,726,0.708984,185856,1.51149
744448,727,0.709961,186112,1.51449
745472,728,0.710938,186368,1.54564
746496,729,0.711914,186624,1.51195
747520,730,0.712891,186880,1.62009
748544,731,0.713867,187136,1.52091
749568,732,0.714844,187392,1.52021
750592,733,0.71582,187648,1.53188
751616,734,0.716797,187904,1.51973
752640,735,0.717773,188160,1.53
753664,736,0.71875,188416,1.52564
754688,737,0.719727,188672,1.52722
755712,738,0.720703,188928,1.52902
756736,739,0.72168,189184,1.5349
757760,740,0.722656,189440,1.53419
758784,741,0.723633,189696,1.52396
759808,742,0.724609,189952,1.52236
760832,743,0.725586,190208,1.51714
761856,744,0.726562,190464,1.52052
762880,745,0.727539,190720,1.51397
763904,746,0.728516,190976,1.51645
764928,747,0.729492,191232,1.51172
765952,748,0.730469,191488,1.50947
766976,749,0.731445,191744,1.51239
768000,750,0.732422,192000,1.51418
769024,751,0.733398,192256,1.5115
770048,752,0.734375,192512,1.53316
771072,753,0.735352,192768,1.5086
772096,754,0.736328,193024,1.50994
773120,755,0.737305,193280,2.16713
774144,756,0.738281,193536,1.51394
775168,757,0.739258,193792,1.50772
776192,758,0.740234,194048,1.50751
777216,759,0.741211,194304,1.51061
778240,760,0.742188,194560,1.51459
779264,761,0.743164,194816,1.50929
780288,762,0.744141,195072,1.5126
781312,763,0.745117,195328,1.5148
782336,764,0.746094,195584,1.50688
783360,765,0.74707,195840,1.50777
784384,766,0.748047,196096,1.51194
785408,767,0.749023,196352,1.51281
786432,768,0.75,196608,2.27961
787456,769,0.750977,196864,1.51128
788480,770,0.751953,197120,1.51434
789504,771,0.75293,197376,1.53699
790528,772,0.753906,197632,2.0537
791552,773,0.754883,197888,1.52432
792576,774,0.755859,198144,1.50911
793600,775,0.756836,198400,2.13743
794624,776,0.757812,198656,2.17255
795648,777,0.758789,198912,1.50912
796672,778,0.759766,199168,2.13415
797696,779,0.760742,199424,1.51819
798720,780,0.761719,199680,1.50612
799744,781,0.762695,199936,1.5057
800768,782,0.763672,200192,1.51408
801792,783,0.764648,200448,1.50786
802816,784,0.765625,200704,1.50958
803840,785,0.766602,200960,2.12454
804864,786,0.767578,201216,2.17355
805888,787,0.768555,201472,2.16054
806912,788,0.769531,201728,1.53687
807936,789,0.770508,201984,1.53152
808960,790,0.771484,202240,1.51406
809984,791,0.772461,202496,1.50832
811008,792,0.773438,202752,1.50684
812032,793,0.774414,203008,1.51384
813056,794,0.775391,203264,1.50897
814080,795,0.776367,203520,1.51235
815104,796,0.777344,203776,1.51404
816128,797,0.77832,204032,1.51678
817152,798,0.779297,204288,1.50961
818176,799,0.780273,204544,1.50962
819200,800,0.78125,204800,1.51382
820224,801,0.782227,205056,1.50836
821248,802,0.783203,205312,1.50879
822272,803,0.78418,205568,1.50984
823296,804,0.785156,205824,1.52258
824320,805,0.786133,206080,1.50963
825344,806,0.787109,206336,1.51339
826368,807,0.788086,206592,2.14883
827392,808,0.789062,206848,1.51151
828416,809,0.790039,207104,1.5084
829440,810,0.791016,207360,1.50799
830464,811,0.791992,207616,1.50965
831488,812,0.792969,207872,1.51937
832512,813,0.793945,208128,1.50614
833536,814,0.794922,208384,1.50553
834560,815,0.795898,208640,2.12032
835584,816,0.796875,208896,2.1344
836608,817,0.797852,209152,2.14083
837632,818,0.798828,209408,2.6335
838656,819,0.799805,209664,1.50885
839680,820,0.800781,209920,2.13996
840704,821,0.801758,210176,2.13286
841728,822,0.802734,210432,1.52623
842752,823,0.803711,210688,1.50968
843776,824,0.804688,210944,1.5109
844800,825,0.805664,211200,1.71532
845824,826,0.806641,211456,1.53104
846848,827,0.807617,211712,1.52431
847872,828,0.808594,211968,1.52146
848896,829,0.80957,212224,1.52367
849920,830,0.810547,212480,1.54673
850944,831,0.811523,212736,1.52284
851968,832,0.8125,212992,2.21307
852992,833,0.813477,213248,1.54539
854016,834,0.814453,213504,1.53508
855040,835,0.81543,213760,1.51453
856064,836,0.816406,214016,1.51895
857088,837,0.817383,214272,2.38548
858112,838,0.818359,214528,1.54158
859136,839,0.819336,214784,1.51632
860160,840,0.820312,215040,1.51612
861184,841,0.821289,215296,2.1075
862208,842,0.822266,215552,1.5193
863232,843,0.823242,215808,1.53882
864256,844,0.824219,216064,1.5153
865280,845,0.825195,216320,1.51291
866304,846,0.826172,216576,1.53316
867328,847,0.827148,216832,1.51549
868352,848,0.828125,217088,2.09961
869376,849,0.829102,217344,1.5135
870400,850,0.830078,217600,1.51686
871424,851,0.831055,217856,1.51172
872448,852,0.832031,218112,1.5133
873472,853,0.833008,218368,1.51448
874496,854,0.833984,218624,1.5127
875520,855,0.834961,218880,1.5351
876544,856,0.835938,219136,1.51172
877568,857,0.836914,219392,1.50701
878592,858,0.837891,219648,1.50937
879616,859,0.838867,219904,1.52619
880640,860,0.839844,220160,1.51895
881664,861,0.84082,220416,1.50743
882688,862,0.841797,220672,1.51971
883712,863,0.842773,220928,2.10885
884736,864,0.84375,221184,1.54127
885760,865,0.844727,221440,1.54182
886784,866,0.845703,221696,1.5092
887808,867,0.84668,221952,1.50668
888832,868,0.847656,222208,1.5303
889856,869,0.848633,222464,1.51307
890880,870,0.849609,222720,1.55361
891904,871,0.850586,222976,1.50979
892928,872,0.851562,223232,1.52828
893952,873,0.852539,223488,1.51153
894976,874,0.853516,223744,1.51133
896000,875,0.854492,224000,2.10316
897024,876,0.855469,224256,1.52917
898048,877,0.856445,224512,1.51076
899072,878,0.857422,224768,2.07742
900096,879,0.858398,225024,2.11289
901120,880,0.859375,225280,1.51611
902144,881,0.860352,225536,1.50695
903168,882,0.861328,225792,1.51096
904192,883,0.862305,226048,1.50696
905216,884,0.863281,226304,2.09334
906240,885,0.864258,226560,1.51381
907264,886,0.865234,226816,2.08994
908288,887,0.866211,227072,2.08455
909312,888,0.867188,227328,1.52231
910336,889,0.868164,227584,1.50945
911360,890,0.869141,227840,2.83433
912384,891,0.870117,228096,1.50795
913408,892,0.871094,228352,1.51191
914432,893,0.87207,228608,1.62213
915456,894,0.873047,228864,1.51698
916480,895,0.874023,229120,1.52167
917504,896,0.875,229376,1.53309
918528,897,0.875977,229632,1.53531
919552,898,0.876953,229888,2.07286
920576,899,0.87793,230144,1.52517
921600,900,0.878906,230400,1.52852
922624,901,0.879883,230656,1.51452
923648,902,0.880859,230912,1.52624
924672,903,0.881836,231168,1.53088
925696,904,0.882812,231424,1.52287
926720,905,0.883789,231680,2.07595
927744,906,0.884766,231936,1.51487
928768,907,0.885742,232192,1.51635
929792,908,0.886719,232448,1.51412
930816,909,0.887695,232704,1.5326
931840,910,0.888672,232960,1.5108
932864,911,0.889648,233216,1.51135
933888,912,0.890625,233472,1.5143
934912,913,0.891602,233728,1.51282
935936,914,0.892578,233984,1.53892
936960,915,0.893555,234240,1.51319
937984,916,0.894531,234496,2.04368
939008,917,0.895508,234752,1.53333
940032,918,0.896484,235008,1.52014
941056,919,0.897461,235264,1.96006
942080,920,0.898438,235520,1.52194
943104,921,0.899414,235776,1.52394
944128,922,0.900391,236032,1.53704
945152,923,0.901367,236288,1.53556
946176,924,0.902344,236544,1.54044
947200,925,0.90332,236800,2.12312
948224,926,0.904297,237056,2.08056
949248,927,0.905273,237312,1.51244
950272,928,0.90625,237568,1.51516
951296,929,0.907227,237824,1.51118
952320,930,0.908203,238080,1.53466
953344,931,0.90918,238336,1.51479
954368,932,0.910156,238592,2.07978
955392,933,0.911133,238848,1.51046
956416,934,0.912109,239104,1.5137
957440,935,0.913086,239360,1.511
958464,936,0.914062,239616,1.5241
959488,937,0.915039,239872,1.54004
960512,938,0.916016,240128,1.51154
961536,939,0.916992,240384,1.53229
962560,940,0.917969,240640,1.51762
963584,941,0.918945,240896,2.03829
964608,942,0.919922,241152,2.06448
965632,943,0.920898,241408,2.64422
966656,944,0.921875,241664,1.53716
967680,945,0.922852,241920,1.50799
968704,946,0.923828,242176,2.03675
969728,947,0.924805,242432,1.5197
970752,948,0.925781,242688,1.51473
971776,949,0.926758,242944,1.51243
972800,950,0.927734,243200,1.51614
973824,951,0.928711,243456,1.53415
974848,952,0.929688,243712,8.75943
975872,953,0.930664,243968,1.52177
976896,954,0.931641,244224,1.55081
977920,955,0.932617,244480,1.51682
978944,956,0.933594,244736,1.5372
979968,957,0.93457,244992,1.51225
980992,958,0.935547,245248,1.52838
982016,959,0.936523,245504,1.51067
983040,960,0.9375,245760,1.51189
984064,961,0.938477,246016,1.53724
985088,962,0.939453,246272,1.51539
986112,963,0.94043,246528,1.51085
987136,964,0.941406,246784,1.51102
988160,965,0.942383,247040,1.51398
989184,966,0.943359,247296,1.52354
990208,967,0.944336,247552,1.51537
991232,968,0.945312,247808,1.51155
992256,969,0.946289,248064,1.51345
993280,970,0.947266,248320,1.52661
994304,971,0.948242,248576,1.50809
995328,972,0.949219,248832,1.50999
996352,973,0.950195,249088,2.01545
997376,974,0.951172,249344,1.52948
998400,975,0.952148,249600,1.50948
999424,976,0.953125,249856,1.50948
1000448,977,0.954102,250112,1.52685
1001472,978,0.955078,250368,1.51069
1002496,979,0.956055,250624,1.50829
1003520,980,0.957031,250880,1.51463
1004544,981,0.958008,251136,1.51275
1005568,982,0.958984,251392,2.02743
1006592,983,0.959961,251648,2.0457
1007616,984,0.960938,251904,2.0641
1008640,985,0.961914,252160,1.51138
1009664,986,0.962891,252416,2.00506
1010688,987,0.963867,252672,1.5107
1011712,988,0.964844,252928,1.51342
1012736,989,0.96582,253184,1.50985
1013760,990,0.966797,253440,2.5365
1014784,991,0.967773,253696,1.50952
1015808,992,0.96875,253952,1.53136
1016832,993,0.969727,254208,1.50783
1017856,994,0.970703,254464,1.53014
1018880,995,0.97168,254720,1.50851
1019904,996,0.972656,254976,1.50835
1020928,997,0.973633,255232,2.50252
1021952,998,0.974609,255488,1.89377
1022976,999,0.975586,255744,2.02067
1024000,1000,0.976562,256000,1.53473
1025024,1001,0.977539,256256,1.50853
1026048,1002,0.978516,256512,1.5092
1027072,1003,0.979492,256768,2.03706
1028096,1004,0.980469,257024,1.50754
1029120,1005,0.981445,257280,1.5067
1030144,1006,0.982422,257536,1.53242
1031168,1007,0.983398,257792,1.50822
1032192,1008,0.984375,258048,3.02427
1033216,1009,0.985352,258304,1.50906
1034240,1010,0.986328,258560,5.2235
1035264,1011,0.987305,258816,1.51022
1036288,1012,0.988281,259072,1.50923
1037312,1013,0.989258,259328,1.51089
1038336,1014,0.990234,259584,2.02159
1039360,1015,0.991211,259840,2.00785
1040384,1016,0.992188,260096,1.50874
1041408,1017,0.993164,260352,1.51932
1042432,1018,0.994141,260608,1.53531
1043456,1019,0.995117,260864,1.50727
1044480,1020,0.996094,261120,1.51518
1045504,1021,0.99707,261376,1.99736
1046528,1022,0.998047,261632,1.50843
1047552,1023,0.999023,261888,2.01809
1048576,1024,1,262144,1.52845
1049600,1025,1.00098,262400,1.51254
1050624,1026,1.00195,262656,1.50632
1051648,1027,1.00293,262912,1.99142
1052672,1028,1.00391,263168,2.49796
1053696,1029,1.00488,263424,1.50747
1054720,1030,1.00586,263680,1.50895
1055744,1031,1.00684,263936,2.49477
1056768,1032,1.00781,264192,1.50911
1057792,1033,1.00879,264448,1.50619
1058816,1034,1.00977,264704,1.99191
1059840,1035,1.01074,264960,1.50993
1060864,1036,1.01172,265216,1.50653
1061888,1037,1.0127,265472,2.4873
1062912,1038,1.01367,265728,2.48587
1063936,1039,1.01465,265984,1.51996
1064960,1040,1.01562,266240,2.03646
1065984,1041,1.0166,266496,1.70081
1067008,1042,1.01758,266752,1.52993
1068032,1043,1.01855,267008,1.50801
1069056,1044,1.01953,267264,1.98522
1070080,1045,1.02051,267520,1.53631
1071104,1046,1.02148,267776,1.51846
1072128,1047,1.02246,268032,2.44044
1073152,1048,1.02344,268288,1.50707
1074176,1049,1.02441,268544,1.50724
1075200,1050,1.02539,268800,1.51044
1076224,1051,1.02637,269056,1.50676
1077248,1052,1.02734,269312,1.5288
1078272,1053,1.02832,269568,1.50709
1079296,1054,1.0293,269824,1.54582
1080320,1055,1.03027,270080,1.50694
1081344,1056,1.03125,270336,2.43412
1082368,1057,1.03223,270592,1.51156
1083392,1058,1.0332,270848,1.50711
1084416,1059,1.03418,271104,1.50696
1085440,1060,1.03516,271360,1.51552
1086464,1061,1.03613,271616,1.50681
1087488,1062,1.03711,271872,1.51124
1088512,1063,1.03809,272128,1.51061
1089536,1064,1.03906,272384,1.51772
1090560,1065,1.04004,272640,1.54232
1091584,1066,1.04102,272896,1.50683
1092608,1067,1.04199,273152,1.50542
1093632,1068,1.04297,273408,1.5276
1094656,1069,1.04395,273664,1.51926
1095680,1070,1.04492,273920,1.91783
1096704,1071,1.0459,274176,1.52238
1097728,1072,1.04688,274432,1.51015
1098752,1073,1.04785,274688,1.51281
1099776,1074,1.04883,274944,1.51422
1100800,1075,1.0498,275200,1.55875
1101824,1076,1.05078,275456,1.51547
1102848,1077,1.05176,275712,1.51702
1103872,1078,1.05273,275968,1.51702
1104896,1079,1.05371,276224,1.92051
1105920,1080,1.05469,276480,1.98156
1106944,1081,1.05566,276736,1.52477
1107968,1082,1.05664,276992,1.52911
1108992,1083,1.05762,277248,1.52614
1110016,1084,1.05859,277504,1.52969
1111040,1085,1.05957,277760,1.51946
1112064,1086,1.06055,278016,1.51419
1113088,1087,1.06152,278272,2.44505
1114112,1088,1.0625,278528,1.969
1115136,1089,1.06348,278784,1.51187
1116160,1090,1.06445,279040,1.51757
1117184,1091,1.06543,279296,1.5188
1118208,1092,1.06641,279552,2.42493
1119232,1093,1.06738,279808,1.51587
1120256,1094,1.06836,280064,1.51295
1121280,1095,1.06934,280320,1.53381
1122304,1096,1.07031,280576,2.58804
1123328,1097,1.07129,280832,1.51478
1124352,1098,1.07227,281088,3.39624
1125376,1099,1.07324,281344,1.51355
1126400,1100,1.07422,281600,1.51172
1127424,1101,1.0752,281856,2.35324
1128448,1102,1.07617,282112,1.53321
1129472,1103,1.07715,282368,1.50974
1130496,1104,1.07812,282624,1.51872
1131520,1105,1.0791,282880,1.51263
1132544,1106,1.08008,283136,1.50853
1133568,1107,1.08105,283392,1.50959
1134592,1108,1.08203,283648,1.52567
1135616,1109,1.08301,283904,1.97882
1136640,1110,1.08398,284160,1.50778
1137664,1111,1.08496,284416,1.51021
1138688,1112,1.08594,284672,1.51051
1139712,1113,1.08691,284928,1.52213
1140736,1114,1.08789,285184,1.51021
1141760,1115,1.08887,285440,1.51006
1142784,1116,1.08984,285696,1.50991
1143808,1117,1.09082,285952,1.5051
1144832,1118,1.0918,286208,1.96139
1145856,1119,1.09277,286464,1.50917
1146880,1120,1.09375,286720,1.50857
1147904,1121,1.09473,286976,1.51382
1148928,1122,1.0957,287232,1.50648
1149952,1123,1.09668,287488,1.94727
1150976,1124,1.09766,287744,1.53115
1152000,1125,1.09863,288000,1.53606
1153024,1126,1.09961,288256,1.51082
1154048,1127,1.10059,288512,1.51902
1155072,1128,1.10156,288768,1.52304
1156096,1129,1.10254,289024,1.52377
1157120,1130,1.10352,289280,1.51573
1158144,1131,1.10449,289536,1.5288
1159168,1132,1.10547,289792,1.5503
1160192,1133,1.10645,290048,1.52402
1161216,1134,1.10742,290304,1.52683
1162240,1135,1.1084,290560,1.53629
1163264,1136,1.10938,290816,1.51808
1164288,1137,1.11035,291072,1.53255
1165312,1138,1.11133,291328,1.51851
1166336,1139,1.1123,291584,1.51732
1167360,1140,1.11328,291840,1.5126
1168384,1141,1.11426,292096,1.51584
1169408,1142,1.11523,292352,1.51643
1170432,1143,1.11621,292608,1.5148
1171456,1144,1.11719,292864,1.85324
1172480,1145,1.11816,293120,1.5192
1173504,1146,1.11914,293376,2.40037
1174528,1147,1.12012,293632,1.51421
1175552,1148,1.12109,293888,1.50909
1176576,1149,1.12207,294144,1.51216
1177600,1150,1.12305,294400,1.51508
1178624,1151,1.12402,294656,1.53098
1179648,1152,1.125,294912,1.56713
1180672,1153,1.12598,295168,1.51303
1181696,1154,1.12695,295424,1.51856
1182720,1155,1.12793,295680,1.52423
1183744,1156,1.12891,295936,3.93666
1184768,1157,1.12988,296192,1.52028
1185792,1158,1.13086,296448,1.52028
1186816,1159,1.13184,296704,1.89244
1187840,1160,1.13281,296960,1.51259
1188864,1161,1.13379,297216,1.52821
1189888,1162,1.13477,297472,1.50868
1190912,1163,1.13574,297728,1.85618
1191936,1164,1.13672,297984,1.51331
1192960,1165,1.1377,298240,1.51186
1193984,1166,1.13867,298496,1.97054
1195008,1167,1.13965,298752,1.53633
1196032,1168,1.14062,299008,1.51503
1197056,1169,1.1416,299264,1.51589
1198080,1170,1.14258,299520,2.37224
1199104,1171,1.14355,299776,1.85813
1200128,1172,1.14453,300032,1.5229
1201152,1173,1.14551,300288,1.54895
1202176,1174,1.14648,300544,3.02988
1203200,1175,1.14746,300800,1.51544
1204224,1176,1.14844,301056,1.514
1205248,1177,1.14941,301312,1.51315
1206272,1178,1.15039,301568,1.51086
1207296,1179,1.15137,301824,1.94354
1208320,1180,1.15234,302080,1.53165
1209344,1181,1.15332,302336,1.51513
1210368,1182,1.1543,302592,1.53815
1211392,1183,1.15527,302848,1.51797
1212416,1184,1.15625,303104,1.51796
1213440,1185,1.15723,303360,2.8403
1214464,1186,1.1582,303616,1.52291
1215488,1187,1.15918,303872,1.52162
1216512,1188,1.16016,304128,1.5301
1217536,1189,1.16113,304384,1.52952
1218560,1190,1.16211,304640,1.51835
1219584,1191,1.16309,304896,1.53033
1220608,1192,1.16406,305152,1.52595
1221632,1193,1.16504,305408,1.52087
1222656,1194,1.16602,305664,1.53859
1223680,1195,1.16699,305920,1.52043
1224704,1196,1.16797,306176,1.54571
1225728,1197,1.16895,306432,1.51845
1226752,1198,1.16992,306688,1.95071
1227776,1199,1.1709,306944,1.53595
1228800,1200,1.17188,307200,1.52852
1229824,1201,1.17285,307456,1.5285
1230848,1202,1.17383,307712,1.53478
1231872,1203,1.1748,307968,1.53155
1232896,1204,1.17578,308224,1.54088
1233920,1205,1.17676,308480,1.53096
1234944,1206,1.17773,308736,1.51729
1235968,1207,1.17871,308992,3.06602
1236992,1208,1.17969,309248,1.96571
1238016,1209,1.18066,309504,1.53562
1239040,1210,1.18164,309760,1.52949
1240064,1211,1.18262,310016,1.5267
1241088,1212,1.18359,310272,1.52682
1242112,1213,1.18457,310528,1.52875
1243136,1214,1.18555,310784,1.52971
1244160,1215,1.18652,311040,1.53052
1245184,1216,1.1875,311296,1.53672
1246208,1217,1.18848,311552,1.5298
1247232,1218,1.18945,311808,1.53585
1248256,1219,1.19043,312064,1.52867
1249280,1220,1.19141,312320,1.5292
1250304,1221,1.19238,312576,1.52121
1251328,1222,1.19336,312832,1.52835
1252352,1223,1.19434,313088,1.86098
1253376,1224,1.19531,313344,1.95319
1254400,1225,1.19629,313600,1.53969
1255424,1226,1.19727,313856,1.5346
1256448,1227,1.19824,314112,1.52979
1257472,1228,1.19922,314368,1.52964
1258496,1229,1.2002,314624,1.53181
1259520,1230,1.20117,314880,1.53493
1260544,1231,1.20215,315136,1.54897
1261568,1232,1.20312,315392,1.54321
1262592,1233,1.2041,315648,1.53174
1263616,1234,1.20508,315904,1.52955
1264640,1235,1.20605,316160,1.54545
1265664,1236,1.20703,316416,1.54162
1266688,1237,1.20801,316672,1.54309
1267712,1238,1.20898,316928,1.53804
1268736,1239,1.20996,317184,1.52704
1269760,1240,1.21094,317440,1.52933
1270784,1241,1.21191,317696,1.53635
1271808,1242,1.21289,317952,1.56554
1272832,1243,1.21387,318208,1.53023
1273856,1244,1.21484,318464,1.54777
1274880,1245,1.21582,318720,1.62316
1275904,1246,1.2168,318976,1.53989
1276928,1247,1.21777,319232,1.95582
1277952,1248,1.21875,319488,1.53958
1278976,1249,1.21973,319744,1.52476
1280000,1250,1.2207,320000,1.5183
1281024,1251,1.22168,320256,1.53065
1282048,1252,1.22266,320512,1.51896
1283072,1253,1.22363,320768,2.28708
1284096,1254,1.22461,321024,1.51708
1285120,1255,1.22559,321280,1.93773
1286144,1256,1.22656,321536,2.32843
1287168,1257,1.22754,321792,1.51493
1288192,1258,1.22852,322048,1.52934
1289216,1259,1.22949,322304,1.51092
1290240,1260,1.23047,322560,2.28651
1291264,1261,1.23145,322816,1.51345
1292288,1262,1.23242,323072,2.31829
1293312,1263,1.2334,323328,1.53074
1294336,1264,1.23438,323584,1.9149
1295360,1265,1.23535,323840,1.51743
1296384,1266,1.23633,324096,1.92766
1297408,1267,1.2373,324352,3.45058
1298432,1268,1.23828,324608,1.51927
1299456,1269,1.23926,324864,1.54415
1300480,1270,1.24023,325120,1.51383
1301504,1271,1.24121,325376,1.51198
1302528,1272,1.24219,325632,1.5133
1303552,1273,1.24316,325888,1.51211
1304576,1274,1.24414,326144,1.50763
1305600,1275,1.24512,326400,1.50935
1306624,1276,1.24609,326656,1.50501
1307648,1277,1.24707,326912,1.50435
1308672,1278,1.24805,327168,1.50357
1309696,1279,1.24902,327424,1.50423
1310720,1280,1.25,327680,1.52615
1311744,1281,1.25098,327936,1.51644
1312768,1282,1.25195,328192,1.51159
1313792,1283,1.25293,328448,1.51106
1314816,1284,1.25391,328704,1.54311
1315840,1285,1.25488,328960,1.51093
1316864,1286,1.25586,329216,1.91401
1317888,1287,1.25684,329472,2.27587
1318912,1288,1.25781,329728,1.51107
1319936,1289,1.25879,329984,1.54273
1320960,1290,1.25977,330240,1.50977
1321984,1291,1.26074,330496,1.52369
1323008,1292,1.26172,330752,1.50717
1324032,1293,1.2627,331008,1.52471
1325056,1294,1.26367,331264,1.52366
1326080,1295,1.26465,331520,1.51665
1327104,1296,1.26562,331776,1.51392
1328128,1297,1.2666,332032,1.52117
1329152,1298,1.26758,332288,1.52971
1330176,1299,1.26855,332544,1.52336
1331200,1300,1.26953,332800,1.51327
1332224,1301,1.27051,333056,1.91492
1333248,1302,1.27148,333312,1.91564
1334272,1303,1.27246,333568,1.54343
1335296,1304,1.27344,333824,1.51571
1336320,1305,1.27441,334080,1.51069
1337344,1306,1.27539,334336,1.54117
1338368,1307,1.27637,334592,1.50812
1339392,1308,1.27734,334848,1.51429
1340416,1309,1.27832,335104,1.52288
1341440,1310,1.2793,335360,1.5071
1342464,1311,1.28027,335616,1.53927
1343488,1312,1.28125,335872,1.5098
1344512,1313,1.28223,336128,1.54012
1345536,1314,1.2832,336384,1.51172
1346560,1315,1.28418,336640,1.52692
1347584,1316,1.28516,336896,1.50751
1348608,1317,1.28613,337152,1.54386
1349632,1318,1.28711,337408,2.16817
1350656,1319,1.28809,337664,2.25414
1351680,1320,1.28906,337920,1.50739
1352704,1321,1.29004,338176,1.52304
1353728,1322,1.29102,338432,1.52392
1354752,1323,1.29199,338688,1.5347
1355776,1324,1.29297,338944,1.52402
1356800,1325,1.29395,339200,1.5192
1357824,1326,1.29492,339456,1.53123
1358848,1327,1.2959,339712,1.51741
1359872,1328,1.29688,339968,1.83513
1360896,1329,1.29785,340224,1.53232
1361920,1330,1.29883,340480,1.52927
1362944,1331,1.2998,340736,1.91833
1363968,1332,1.30078,340992,1.53177
1364992,1333,1.30176,341248,1.54234
1366016,1334,1.30273,341504,1.51638
1367040,1335,1.30371,341760,1.51675
1368064,1336,1.30469,342016,1.54353
1369088,1337,1.30566,342272,1.51285
1370112,1338,1.30664,342528,1.52729
1371136,1339,1.30762,342784,1.87814
1372160,1340,1.30859,343040,1.52651
1373184,1341,1.30957,343296,1.51072
1374208,1342,1.31055,343552,1.51147
1375232,1343,1.31152,343808,1.54249
1376256,1344,1.3125,344064,1.51034
1377280,1345,1.31348,344320,1.51459
1378304,1346,1.31445,344576,1.52757
1379328,1347,1.31543,344832,1.88157
1380352,1348,1.31641,345088,1.51184
1381376,1349,1.31738,345344,1.50935
1382400,1350,1.31836,345600,1.51981
1383424,1351,1.31934,345856,1.50873
1384448,1352,1.32031,346112,1.5111
1385472,1353,1.32129,346368,1.51507
1386496,1354,1.32227,346624,1.89604
1387520,1355,1.32324,346880,1.51866
1388544,1356,1.32422,347136,1.53352
1389568,1357,1.3252,347392,1.51283
1390592,1358,1.32617,347648,1.51296
1391616,1359,1.32715,347904,1.91366
1392640,1360,1.32812,348160,2.25263
1393664,1361,1.3291,348416,1.51258
1394688,1362,1.33008,348672,1.52615
1395712,1363,1.33105,348928,1.54512
1396736,1364,1.33203,349184,1.50999
1397760,1365,1.33301,349440,2.51695
1398784,1366,1.33398,349696,1.51332
1399808,1367,1.33496,349952,1.50865
1400832,1368,1.33594,350208,1.53873
1401856,1369,1.33691,350464,1.51
1402880,1370,1.33789,350720,1.54531
1403904,1371,1.33887,350976,1.51319
1404928,1372,1.33984,351232,1.52225
1405952,1373,1.34082,351488,1.53973
1406976,1374,1.3418,351744,1.50976
1408000,1375,1.34277,352000,1.50842
1409024,1376,1.34375,352256,1.89014
1410048,1377,1.34473,352512,1.89181
1411072,1378,1.3457,352768,1.54049
1412096,1379,1.34668,353024,1.50831
1413120,1380,1.34766,353280,1.52718
1414144,1381,1.34863,353536,1.51257
1415168,1382,1.34961,353792,3.68608
1416192,1383,1.35059,354048,1.51585
1417216,1384,1.35156,354304,1.51997
1418240,1385,1.35254,354560,1.90065
1419264,1386,1.35352,354816,1.51172
1420288,1387,1.35449,355072,1.52334
1421312,1388,1.35547,355328,1.50845
1422336,1389,1.35645,355584,1.51813
1423360,1390,1.35742,355840,1.50809
1424384,1391,1.3584,356096,1.50713
1425408,1392,1.35938,356352,1.53995
1426432,1393,1.36035,356608,1.51678
1427456,1394,1.36133,356864,1.51365
1428480,1395,1.3623,357120,1.50594
1429504,1396,1.36328,357376,1.543
1430528,1397,1.36426,357632,2.13117
1431552,1398,1.36523,357888,1.52289
1432576,1399,1.36621,358144,1.5092
1433600,1400,1.36719,358400,1.5074
1434624,1401,1.36816,358656,1.54109
1435648,1402,1.36914,358912,2.41889
1436672,1403,1.37012,359168,1.54057
1437696,1404,1.37109,359424,1.51268
1438720,1405,1.37207,359680,1.53587
1439744,1406,1.37305,359936,1.51769
1440768,1407,1.37402,360192,1.8935
1441792,1408,1.375,360448,1.53999
1442816,1409,1.37598,360704,1.55869
1443840,1410,1.37695,360960,1.55175
1444864,1411,1.37793,361216,1.51374
1445888,1412,1.37891,361472,1.52564
1446912,1413,1.37988,361728,2.22044
1447936,1414,1.38086,361984,1.5179
1448960,1415,1.38184,362240,1.88172
1449984,1416,1.38281,362496,1.51397
1451008,1417,1.38379,362752,1.52452
1452032,1418,1.38477,363008,1.5334
1453056,1419,1.38574,363264,1.51338
1454080,1420,1.38672,363520,1.54094
1455104,1421,1.3877,363776,1.50805
1456128,1422,1.38867,364032,1.53723
1457152,1423,1.38965,364288,1.50948
1458176,1424,1.39062,364544,3.03252
1459200,1425,1.3916,364800,1.51148
1460224,1426,1.39258,365056,1.51631
1461248,1427,1.39355,365312,1.53043
1462272,1428,1.39453,365568,1.51348
1463296,1429,1.39551,365824,1.51078
1464320,1430,1.39648,366080,1.52429
1465344,1431,1.39746,366336,1.50949
1466368,1432,1.39844,366592,3.02672
1467392,1433,1.39941,366848,1.53891
1468416,1434,1.40039,367104,1.51371
1469440,1435,1.40137,367360,1.50868
1470464,1436,1.40234,367616,1.53827
1471488,1437,1.40332,367872,1.50891
1472512,1438,1.4043,368128,1.53707
1473536,1439,1.40527,368384,1.51102
1474560,1440,1.40625,368640,1.51942
1475584,1441,1.40723,368896,1.52291
1476608,1442,1.4082,369152,1.52337
1477632,1443,1.40918,369408,1.51591
1478656,1444,1.41016,369664,1.5394
1479680,1445,1.41113,369920,1.51079
1480704,1446,1.41211,370176,1.50986
1481728,1447,1.41309,370432,1.52669
1482752,1448,1.41406,370688,1.5094
1483776,1449,1.41504,370944,1.53931
1484800,1450,1.41602,371200,1.5057
1485824,1451,1.41699,371456,1.52758
1486848,1452,1.41797,371712,1.50755
1487872,1453,1.41895,371968,1.52339
1488896,1454,1.41992,372224,1.5064
1489920,1455,1.4209,372480,1.54104
1490944,1456,1.42188,372736,1.50676
1491968,1457,1.42285,372992,2.18936
1492992,1458,1.42383,373248,1.5169
1494016,1459,1.4248,373504,1.51252
1495040,1460,1.42578,373760,1.53611
1496064,1461,1.42676,374016,1.5062
1497088,1462,1.42773,374272,1.52057
1498112,1463,1.42871,374528,1.50839
1499136,1464,1.42969,374784,1.54201
1500160,1465,1.43066,375040,1.51481
1501184,1466,1.43164,375296,1.52054
1502208,1467,1.43262,375552,1.525
1503232,1468,1.43359,375808,1.53186
1504256,1469,1.43457,376064,1.53139
1505280,1470,1.43555,376320,2.18645
1506304,1471,1.43652,376576,1.55134
1507328,1472,1.4375,376832,1.5302
1508352,1473,1.43848,377088,1.5343
1509376,1474,1.43945,377344,1.52585
1510400,1475,1.44043,377600,1.54907
1511424,1476,1.44141,377856,1.52185
1512448,1477,1.44238,378112,1.51445
1513472,1478,1.44336,378368,1.51536
1514496,1479,1.44434,378624,1.5141
1515520,1480,1.44531,378880,1.52965
1516544,1481,1.44629,379136,1.51308
1517568,1482,1.44727,379392,1.51172
1518592,1483,1.44824,379648,1.52101
1519616,1484,1.44922,379904,2.21065
1520640,1485,1.4502,380160,1.52665
1521664,1486,1.45117,380416,1.51421
1522688,1487,1.45215,380672,1.5421
1523712,1488,1.45312,380928,1.51928
1524736,1489,1.4541,381184,1.51194
1525760,1490,1.45508,381440,1.52964
1526784,1491,1.45605,381696,1.51499
1527808,1492,1.45703,381952,1.51284
1528832,1493,1.45801,382208,1.51813
1529856,1494,1.45898,382464,1.52172
1530880,1495,1.45996,382720,1.52352
1531904,1496,1.46094,382976,1.5326
1532928,1497,1.46191,383232,1.52159
1533952,1498,1.46289,383488,1.53067
1534976,1499,1.46387,383744,1.51385
1536000,1500,1.46484,384000,1.52392
1537024,1501,1.46582,384256,1.51407
1538048,1502,1.4668,384512,1.51328
1539072,1503,1.46777,384768,1.53966
1540096,1504,1.46875,385024,1.51138
1541120,1505,1.46973,385280,1.50781
1542144,1506,1.4707,385536,1.52153
1543168,1507,1.47168,385792,1.51216
1544192,1508,1.47266,386048,1.52698
1545216,1509,1.47363,386304,1.50871
1546240,1510,1.47461,386560,1.52763
1547264,1511,1.47559,386816,1.51272
1548288,1512,1.47656,387072,1.84899
1549312,1513,1.47754,387328,1.85432
1550336,1514,1.47852,387584,1.51028
1551360,1515,1.47949,387840,2.21275
1552384,1516,1.48047,388096,1.51593
1553408,1517,1.48145,388352,1.53552
1554432,1518,1.48242,388608,1.51161
1555456,1519,1.4834,388864,1.52676
1556480,1520,1.48438,389120,1.51227
1557504,1521,1.48535,389376,1.51945
1558528,1522,1.48633,389632,1.51326
1559552,1523,1.4873,389888,1.52286
1560576,1524,1.48828,390144,1.51932
1561600,1525,1.48926,390400,1.83719
1562624,1526,1.49023,390656,1.51403
1563648,1527,1.49121,390912,1.53966
1564672,1528,1.49219,391168,1.50787
1565696,1529,1.49316,391424,1.53721
1566720,1530,1.49414,391680,1.51589
1567744,1531,1.49512,391936,1.51402
1568768,1532,1.49609,392192,1.85336
1569792,1533,1.49707,392448,1.51413
1570816,1534,1.49805,392704,1.51019
1571840,1535,1.49902,392960,1.85357
1572864,1536,1.5,393216,2.17485
1573888,1537,1.50098,393472,1.51401
1574912,1538,1.50195,393728,1.52635
1575936,1539,1.50293,393984,1.51598
1576960,1540,1.50391,394240,2.1692
1577984,1541,1.50488,394496,1.51608
1579008,1542,1.50586,394752,1.86302
1580032,1543,1.50684,395008,1.50987
1581056,1544,1.50781,395264,1.52238
1582080,1545,1.50879,395520,1.5127
1583104,1546,1.50977,395776,1.53356
1584128,1547,1.51074,396032,1.51139
1585152,1548,1.51172,396288,1.52159
1586176,1549,1.5127,396544,1.53829
1587200,1550,1.51367,396800,1.51215
1588224,1551,1.51465,397056,1.50912
1589248,1552,1.51562,397312,2.17331
1590272,1553,1.5166,397568,1.51139
1591296,1554,1.51758,397824,1.53388
1592320,1555,1.51855,398080,1.51129
1593344,1556,1.51953,398336,1.51301
1594368,1557,1.52051,398592,1.53664
1595392,1558,1.52148,398848,1.51107
1596416,1559,1.52246,399104,1.52066
1597440,1560,1.52344,399360,3.03388
1598464,1561,1.52441,399616,1.51054
1599488,1562,1.52539,399872,1.54
1600512,1563,1.52637,400128,1.50796
1601536,1564,1.52734,400384,1.51354
1602560,1565,1.52832,400640,2.14217
1603584,1566,1.5293,400896,1.51247
1604608,1567,1.53027,401152,1.53434
1605632,1568,1.53125,401408,1.50668
1606656,1569,1.53223,401664,1.53409
1607680,1570,1.5332,401920,1.51011
1608704,1571,1.53418,402176,1.50937
1609728,1572,1.53516,402432,1.50744
1610752,1573,1.53613,402688,1.51994
1611776,1574,1.53711,402944,1.50894
1612800,1575,1.53809,403200,1.53411
1613824,1576,1.53906,403456,1.53613
1614848,1577,1.54004,403712,1.51044
1615872,1578,1.54102,403968,1.51395
1616896,1579,1.54199,404224,1.50885
1617920,1580,1.54297,404480,1.50991
1618944,1581,1.54395,404736,1.52054
1619968,1582,1.54492,404992,1.51098
1620992,1583,1.5459,405248,1.51405
1622016,1584,1.54688,405504,1.53685
1623040,1585,1.54785,405760,1.51257
1624064,1586,1.54883,406016,1.51458
1625088,1587,1.5498,406272,1.53204
1626112,1588,1.55078,406528,1.51457
1627136,1589,1.55176,406784,1.52683
1628160,1590,1.55273,407040,1.50823
1629184,1591,1.55371,407296,2.13461
1630208,1592,1.55469,407552,1.51172
1631232,1593,1.55566,407808,1.53713
1632256,1594,1.55664,408064,1.5211
1633280,1595,1.55762,408320,1.51088
1634304,1596,1.55859,408576,1.53403
1635328,1597,1.55957,408832,1.51729
1636352,1598,1.56055,409088,1.50783
1637376,1599,1.56152,409344,1.53577
1638400,1600,1.5625,409600,1.5302
1639424,1601,1.56348,409856,1.51434
1640448,1602,1.56445,410112,1.84252
1641472,1603,1.56543,410368,1.51717
1642496,1604,1.56641,410624,1.51099
1643520,1605,1.56738,410880,1.52647
1644544,1606,1.56836,411136,1.51998
1645568,1607,1.56934,411392,1.53576
1646592,1608,1.57031,411648,1.5206
1647616,1609,1.57129,411904,1.51276
1648640,1610,1.57227,412160,1.53457
1649664,1611,1.57324,412416,1.51777
1650688,1612,1.57422,412672,1.51391
1651712,1613,1.5752,412928,1.51266
1652736,1614,1.57617,413184,1.53961
1653760,1615,1.57715,413440,1.50818
1654784,1616,1.57812,413696,1.53323
1655808,1617,1.5791,413952,1.51078
1656832,1618,1.58008,414208,1.53684
1657856,1619,1.58105,414464,1.51452
1658880,1620,1.58203,414720,1.51784
1659904,1621,1.58301,414976,1.51379
1660928,1622,1.58398,415232,1.53688
1661952,1623,1.58496,415488,1.53511
1662976,1624,1.58594,415744,1.51317
1664000,1625,1.58691,416000,1.50882
1665024,1626,1.58789,416256,2.37264
1666048,1627,1.58887,416512,2.62463
1667072,1628,1.58984,416768,1.51471
1668096,1629,1.59082,417024,2.10739
1669120,1630,1.5918,417280,1.50945
1670144,1631,1.59277,417536,1.50956
1671168,1632,1.59375,417792,1.52736
1672192,1633,1.59473,418048,1.5145
1673216,1634,1.5957,418304,1.53608
1674240,1635,1.59668,418560,1.52158
1675264,1636,1.59766,418816,1.51059
1676288,1637,1.59863,419072,1.5111
1677312,1638,1.59961,419328,1.5313
1678336,1639,1.60059,419584,1.51254
1679360,1640,1.60156,419840,1.52258
1680384,1641,1.60254,420096,1.51632
1681408,1642,1.60352,420352,1.53392
1682432,1643,1.60449,420608,1.52317
1683456,1644,1.60547,420864,1.53644
1684480,1645,1.60645,421120,1.51335
1685504,1646,1.60742,421376,1.83704
1686528,1647,1.6084,421632,1.53467
1687552,1648,1.60938,421888,1.51743
1688576,1649,1.61035,422144,1.53311
1689600,1650,1.61133,422400,1.50775
1690624,1651,1.6123,422656,1.53634
1691648,1652,1.61328,422912,1.58869
1692672,1653,1.61426,423168,1.51588
1693696,1654,1.61523,423424,1.52116
1694720,1655,1.61621,423680,1.51212
1695744,1656,1.61719,423936,2.13623
1696768,1657,1.61816,424192,1.53189
1697792,1658,1.61914,424448,1.73034
1698816,1659,1.62012,424704,1.5346
1699840,1660,1.62109,424960,1.51152
1700864,1661,1.62207,425216,1.51334
1701888,1662,1.62305,425472,1.53941
1702912,1663,1.62402,425728,1.52505
1703936,1664,1.625,425984,1.51394
1704960,1665,1.62598,426240,1.53068
1705984,1666,1.62695,426496,1.51757
1707008,1667,1.62793,426752,1.51101
1708032,1668,1.62891,427008,1.51142
1709056,1669,1.62988,427264,1.53627
1710080,1670,1.63086,427520,1.51725
1711104,1671,1.63184,427776,1.51212
1712128,1672,1.63281,428032,1.83158
1713152,1673,1.63379,428288,1.51172
1714176,1674,1.63477,428544,1.51182
1715200,1675,1.63574,428800,1.50831
1716224,1676,1.63672,429056,1.53066
1717248,1677,1.6377,429312,1.52654
1718272,1678,1.63867,429568,1.51192
1719296,1679,1.63965,429824,1.50732
1720320,1680,1.64062,430080,1.50942
1721344,1681,1.6416,430336,1.51142
1722368,1682,1.64258,430592,1.51052
1723392,1683,1.64355,430848,1.53228
1724416,1684,1.64453,431104,1.51341
1725440,1685,1.64551,431360,2.14691
1726464,1686,1.64648,431616,1.51172
1727488,1687,1.64746,431872,1.53382
1728512,1688,1.64844,432128,1.51968
1729536,1689,1.64941,432384,1.51749
1730560,1690,1.65039,432640,1.50496
1731584,1691,1.65137,432896,2.35007
1732608,1692,1.65234,433152,1.50834
1733632,1693,1.65332,433408,2.11782
1734656,1694,1.6543,433664,1.50597
1735680,1695,1.65527,433920,1.53243
1736704,1696,1.65625,434176,1.50597
1737728,1697,1.65723,434432,1.53409
1738752,1698,1.6582,434688,1.51083
1739776,1699,1.65918,434944,1.52338
1740800,1700,1.66016,435200,1.50747
1741824,1701,1.66113,435456,1.50777
1742848,1702,1.66211,435712,1.53234
1743872,1703,1.66309,435968,1.51113
1744896,1704,1.66406,436224,1.50906
1745920,1705,1.66504,436480,1.53418
1746944,1706,1.66602,436736,1.81211
1747968,1707,1.66699,436992,3.04814
1748992,1708,1.66797,437248,1.50916
1750016,1709,1.66895,437504,1.53275
1751040,1710,1.66992,437760,1.5127
1752064,1711,1.6709,438016,3.03424
1753088,1712,1.67188,438272,2.81887
1754112,1713,1.67285,438528,1.51741
1755136,1714,1.67383,438784,2.0902
1756160,1715,1.6748,439040,1.52014
1757184,1716,1.67578,439296,1.50888
1758208,1717,1.67676,439552,1.50604
1759232,1718,1.67773,439808,1.53929
1760256,1719,1.67871,440064,1.5255
1761280,1720,1.67969,440320,2.14248
1762304,1721,1.68066,440576,1.51025
1763328,1722,1.68164,440832,1.51621
1764352,1723,1.68262,441088,1.50957
1765376,1724,1.68359,441344,2.08042
1766400,1725,1.68457,441600,1.52311
1767424,1726,1.68555,441856,1.51201
1768448,1727,1.68652,442112,2.33454
1769472,1728,1.6875,442368,1.51522
1770496,1729,1.68848,442624,1.53999
1771520,1730,1.68945,442880,1.51667
1772544,1731,1.69043,443136,1.50968
1773568,1732,1.69141,443392,2.48307
1774592,1733,1.69238,443648,1.51211
1775616,1734,1.69336,443904,1.51521
1776640,1735,1.69434,444160,1.53699
1777664,1736,1.69531,444416,1.51481
1778688,1737,1.69629,444672,1.5124
1779712,1738,1.69727,444928,1.50824
1780736,1739,1.69824,445184,1.51046
1781760,1740,1.69922,445440,1.52427
1782784,1741,1.7002,445696,1.51394
1783808,1742,1.70117,445952,1.51037
1784832,1743,1.70215,446208,1.51538
1785856,1744,1.70312,446464,1.5332
1786880,1745,1.7041,446720,1.51153
1787904,1746,1.70508,446976,3.03133
1788928,1747,1.70605,447232,1.51489
1789952,1748,1.70703,447488,1.53372
1790976,1749,1.70801,447744,1.51124
1792000,1750,1.70898,448000,2.09548
1793024,1751,1.70996,448256,1.52323
1794048,1752,1.71094,448512,1.51066
1795072,1753,1.71191,448768,1.53452
1796096,1754,1.71289,449024,1.51296
1797120,1755,1.71387,449280,2.1032
1798144,1756,1.71484,449536,1.51956
1799168,1757,1.71582,449792,1.51038
1800192,1758,1.7168,450048,1.53943
1801216,1759,1.71777,450304,1.51621
1802240,1760,1.71875,450560,2.09121
1803264,1761,1.71973,450816,1.5328
1804288,1762,1.7207,451072,1.51172
1805312,1763,1.72168,451328,1.51048
1806336,1764,1.72266,451584,2.37689
1807360,1765,1.72363,451840,1.50677
1808384,1766,1.72461,452096,1.5334
1809408,1767,1.72559,452352,1.50877
1810432,1768,1.72656,452608,1.51162
1811456,1769,1.72754,452864,1.54058
1812480,1770,1.72852,453120,1.5121
1813504,1771,1.72949,453376,1.52481
1814528,1772,1.73047,453632,1.51978
1815552,1773,1.73145,453888,1.53389
1816576,1774,1.73242,454144,1.51844
1817600,1775,1.7334,454400,1.51153
1818624,1776,1.73438,454656,2.08344
1819648,1777,1.73535,454912,1.53147
1820672,1778,1.73633,455168,1.52088
1821696,1779,1.7373,455424,2.08493
1822720,1780,1.73828,455680,1.50945
1823744,1781,1.73926,455936,1.51002
1824768,1782,1.74023,456192,1.52501
1825792,1783,1.74121,456448,1.51954
1826816,1784,1.74219,456704,1.51059
1827840,1785,1.74316,456960,1.53647
1828864,1786,1.74414,457216,1.50805
1829888,1787,1.74512,457472,1.5355
1830912,1788,1.74609,457728,1.50909
1831936,1789,1.74707,457984,1.5105
1832960,1790,1.74805,458240,2.06132
1833984,1791,1.74902,458496,1.50872
1835008,1792,1.75,458752,1.52081
1836032,1793,1.75098,459008,1.51153
1837056,1794,1.75195,459264,1.5325
1838080,1795,1.75293,459520,1.50975
1839104,1796,1.75391,459776,1.50704
1840128,1797,1.75488,460032,1.53611
1841152,1798,1.75586,460288,1.52134
1842176,1799,1.75684,460544,1.50836
1843200,1800,1.75781,460800,2.05762
1844224,1801,1.75879,461056,1.50799
1845248,1802,1.75977,461312,1.51107
1846272,1803,1.76074,461568,1.53315
1847296,1804,1.76172,461824,2.06851
1848320,1805,1.7627,462080,1.50865
1849344,1806,1.76367,462336,1.51981
1850368,1807,1.76465,462592,1.50865
1851392,1808,1.76562,462848,1.52203
1852416,1809,1.7666,463104,1.51042
1853440,1810,1.76758,463360,1.53084
1854464,1811,1.76855,463616,1.50755
1855488,1812,1.76953,463872,1.52933
1856512,1813,1.77051,464128,1.50635
1857536,1814,1.77148,464384,1.5257
1858560,1815,1.77246,464640,1.51718
1859584,1816,1.77344,464896,1.5391
1860608,1817,1.77441,465152,1.52411
1861632,1818,1.77539,465408,1.52299
1862656,1819,1.77637,465664,1.52769
1863680,1820,1.77734,465920,1.54264
1864704,1821,1.77832,466176,1.53635
1865728,1822,1.7793,466432,1.52868
1866752,1823,1.78027,466688,1.5401
1867776,1824,1.78125,466944,1.52259
1868800,1825,1.78223,467200,1.52911
1869824,1826,1.7832,467456,1.52175
1870848,1827,1.78418,467712,1.53838
1871872,1828,1.78516,467968,1.52247
1872896,1829,1.78613,468224,2.06457
1873920,1830,1.78711,468480,1.51649
1874944,1831,1.78809,468736,2.07984
1875968,1832,1.78906,468992,1.80484
1876992,1833,1.79004,469248,1.51282
1878016,1834,1.79102,469504,1.82201
1879040,1835,1.79199,469760,1.51794
1880064,1836,1.79297,470016,2.28798
1881088,1837,1.79395,470272,2.10304
1882112,1838,1.79492,470528,1.52141
1883136,1839,1.7959,470784,1.53556
1884160,1840,1.79688,471040,1.799
1885184,1841,1.79785,471296,1.52513
1886208,1842,1.79883,471552,1.52722
1887232,1843,1.7998,471808,1.51299
1888256,1844,1.80078,472064,1.51509
1889280,1845,1.80176,472320,1.51682
1890304,1846,1.80273,472576,1.53947
1891328,1847,1.80371,472832,2.04991
1892352,1848,1.80469,473088,1.50936
1893376,1849,1.80566,473344,1.50899
1894400,1850,1.80664,473600,1.53033
1895424,1851,1.80762,473856,1.51326
1896448,1852,1.80859,474112,1.54065
1897472,1853,1.80957,474368,1.52069
1898496,1854,1.81055,474624,1.53527
1899520,1855,1.81152,474880,1.509
1900544,1856,1.8125,475136,1.51099
1901568,1857,1.81348,475392,1.53867
1902592,1858,1.81445,475648,1.51063
1903616,1859,1.81543,475904,1.53675
1904640,1860,1.81641,476160,1.51163
1905664,1861,1.81738,476416,1.52219
1906688,1862,1.81836,476672,1.53806
1907712,1863,1.81934,476928,1.51614
1908736,1864,1.82031,477184,1.51064
1909760,1865,1.82129,477440,1.50974
1910784,1866,1.82227,477696,1.5398
1911808,1867,1.82324,477952,1.52611
1912832,1868,1.82422,478208,1.50965
1913856,1869,1.8252,478464,1.52475
1914880,1870,1.82617,478720,1.53346
1915904,1871,1.82715,478976,1.51235
1916928,1872,1.82812,479232,1.53944
1917952,1873,1.8291,479488,1.52992
1918976,1874,1.83008,479744,1.51181
1920000,1875,1.83105,480000,1.53573
1921024,1876,1.83203,480256,1.52578
1922048,1877,1.83301,480512,1.51136
1923072,1878,1.83398,480768,1.53256
1924096,1879,1.83496,481024,1.52844
1925120,1880,1.83594,481280,1.53245
1926144,1881,1.83691,481536,1.52422
1927168,1882,1.83789,481792,1.51199
1928192,1883,1.83887,482048,1.53366
1929216,1884,1.83984,482304,1.51109
1930240,1885,1.84082,482560,2.05893
1931264,1886,1.8418,482816,1.50798
1932288,1887,1.84277,483072,2.05007
1933312,1888,1.84375,483328,1.51279
1934336,1889,1.84473,483584,1.51154
1935360,1890,1.8457,483840,1.53945
1936384,1891,1.84668,484096,1.51811
1937408,1892,1.84766,484352,1.51358
1938432,1893,1.84863,484608,1.52299
1939456,1894,1.84961,484864,1.52272
1940480,1895,1.85059,485120,1.5329
1941504,1896,1.85156,485376,1.52226
1942528,1897,1.85254,485632,1.508
1943552,1898,1.85352,485888,1.53145
1944576,1899,1.85449,486144,1.50915
1945600,1900,1.85547,486400,1.51472
1946624,1901,1.85645,486656,1.77971
1947648,1902,1.85742,486912,1.5141
1948672,1903,1.8584,487168,1.51384
1949696,1904,1.85938,487424,2.04271
1950720,1905,1.86035,487680,1.51242
1951744,1906,1.86133,487936,1.52908
1952768,1907,1.8623,488192,1.5082
1953792,1908,1.86328,488448,1.53197
1954816,1909,1.86426,488704,1.51867
1955840,1910,1.86523,488960,1.52904
1956864,1911,1.86621,489216,1.53132
1957888,1912,1.86719,489472,1.77869
1958912,1913,1.86816,489728,1.50944
1959936,1914,1.86914,489984,1.52708
1960960,1915,1.87012,490240,1.52216
1961984,1916,1.87109,490496,1.50891
1963008,1917,1.87207,490752,1.50769
1964032,1918,1.87305,491008,1.51049
1965056,1919,1.87402,491264,1.52835
1966080,1920,1.875,491520,2.4939
1967104,1921,1.87598,491776,1.51583
1968128,1922,1.87695,492032,1.51757
1969152,1923,1.87793,492288,1.53757
1970176,1924,1.87891,492544,1.52962
1971200,1925,1.87988,492800,1.50596
1972224,1926,1.88086,493056,1.50666
1973248,1927,1.88184,493312,1.50989
1974272,1928,1.88281,493568,1.50998
1975296,1929,1.88379,493824,1.50945
1976320,1930,1.88477,494080,1.51128
1977344,1931,1.88574,494336,1.5239
1978368,1932,1.88672,494592,1.50546
1979392,1933,1.8877,494848,1.51476
1980416,1934,1.88867,495104,1.52874
1981440,1935,1.88965,495360,1.50807
1982464,1936,1.89062,495616,2.0361
1983488,1937,1.8916,495872,1.51406
1984512,1938,1.89258,496128,1.5125
1985536,1939,1.89355,496384,1.51362
1986560,1940,1.89453,496640,2.02636
1987584,1941,1.89551,496896,1.5112
1988608,1942,1.89648,497152,1.50618
1989632,1943,1.89746,497408,2.04182
1990656,1944,1.89844,497664,1.51224
1991680,1945,1.89941,497920,1.52174
1992704,1946,1.90039,498176,1.58733
1993728,1947,1.90137,498432,1.51111
1994752,1948,1.90234,498688,2.05848
1995776,1949,1.90332,498944,2.03459
1996800,1950,1.9043,499200,1.51404
1997824,1951,1.90527,499456,1.5168
1998848,1952,1.90625,499712,1.51766
1999872,1953,1.90723,499968,1.52729
2000896,1954,1.9082,500224,1.53166
2001920,1955,1.90918,500480,1.52933
2002944,1956,1.91016,500736,1.51558
2003968,1957,1.91113,500992,2.03339
2004992,1958,1.91211,501248,1.52707
2006016,1959,1.91309,501504,1.51009
2007040,1960,1.91406,501760,2.03834
2008064,1961,1.91504,502016,1.52894
2009088,1962,1.91602,502272,1.50924
2010112,1963,1.91699,502528,2.02846
2011136,1964,1.91797,502784,1.51805
2012160,1965,1.91895,503040,1.5083
2013184,1966,1.91992,503296,1.53624
2014208,1967,1.9209,503552,2.01383
2015232,1968,1.92188,503808,1.50916
2016256,1969,1.92285,504064,1.51394
2017280,1970,1.92383,504320,1.56407
2018304,1971,1.9248,504576,1.52484
2019328,1972,1.92578,504832,1.51598
2020352,1973,1.92676,505088,1.51197
2021376,1974,1.92773,505344,2.03052
2022400,1975,1.92871,505600,1.50832
2023424,1976,1.92969,505856,1.5305
2024448,1977,1.93066,506112,1.5299
2025472,1978,1.93164,506368,1.5124
2026496,1979,1.93262,506624,2.02734
2027520,1980,1.93359,506880,1.53013
2028544,1981,1.93457,507136,1.51943
2029568,1982,1.93555,507392,1.51774
2030592,1983,1.93652,507648,1.51011
2031616,1984,1.9375,507904,1.53602
2032640,1985,1.93848,508160,1.53017
2033664,1986,1.93945,508416,1.50766
2034688,1987,1.94043,508672,1.50724
2035712,1988,1.94141,508928,1.50986
2036736,1989,1.94238,509184,1.53705
2037760,1990,1.94336,509440,1.5183
2038784,1991,1.94434,509696,1.51821
2039808,1992,1.94531,509952,1.50531
2040832,1993,1.94629,510208,1.52318
2041856,1994,1.94727,510464,1.51366
2042880,1995,1.94824,510720,2.20287
2043904,1996,1.94922,510976,1.55144
2044928,1997,1.9502,511232,1.53535
2045952,1998,1.95117,511488,1.53316
2046976,1999,1.95215,511744,1.5334
2048000,2000,1.95312,512000,1.54985
2049024,2001,1.9541,512256,1.5646
2050048,2002,1.95508,512512,1.53378
2051072,2003,1.95605,512768,1.54434
2052096,2004,1.95703,513024,1.53418
2053120,2005,1.95801,513280,1.53124
2054144,2006,1.95898,513536,1.53751
2055168,2007,1.95996,513792,1.53231
2056192,2008,1.96094,514048,1.53079
2057216,2009,1.96191,514304,1.52969
2058240,2010,1.96289,514560,1.53428
2059264,2011,1.96387,514816,1.53318
2060288,2012,1.96484,515072,1.54169
2061312,2013,1.96582,515328,1.54459
2062336,2014,1.9668,515584,1.52623
2063360,2015,1.96777,515840,1.53731
2064384,2016,1.96875,516096,1.5223
2065408,2017,1.96973,516352,1.51988
2066432,2018,1.9707,516608,1.54726
2067456,2019,1.97168,516864,1.52162
2068480,2020,1.97266,517120,1.52968
2069504,2021,1.97363,517376,1.83245
2070528,2022,1.97461,517632,1.53008
2071552,2023,1.97559,517888,1.53812
2072576,2024,1.97656,518144,1.53471
2073600,2025,1.97754,518400,1.53138
2074624,2026,1.97852,518656,2.00874
2075648,2027,1.97949,518912,1.53384
2076672,2028,1.98047,519168,1.77237
2077696,2029,1.98145,519424,1.53432
2078720,2030,1.98242,519680,1.51486
2079744,2031,1.9834,519936,1.53182
2080768,2032,1.98438,520192,1.51519
2081792,2033,1.98535,520448,1.51271
2082816,2034,1.98633,520704,1.5341
2083840,2035,1.9873,520960,1.51898
2084864,2036,1.98828,521216,1.53391
2085888,2037,1.98926,521472,1.51419
2086912,2038,1.99023,521728,1.53109
2087936,2039,1.99121,521984,1.51814
2088960,2040,1.99219,522240,1.516
2089984,2041,1.99316,522496,1.5876
2091008,2042,1.99414,522752,1.53681
2092032,2043,1.99512,523008,1.77432
2093056,2044,1.99609,523264,1.53884
2094080,2045,1.99707,523520,1.53135
2095104,2046,1.99805,523776,1.51213
2096128,2047,1.99902,524032,1.5255
2097152,2048,2,524288,1.53509
2621440,2560,2.5,655360,1.5625
3145728,3072,3,786432,1.5653
3670016,3584,3.5,917504,1.55915
4194304,4096,4,1048576,1.5437
4718592,4608,4.5,1179648,1.54533
5242880,5120,5,1310720,1.54003
5767168,5632,5.5,1441792,1.53233
6291456,6144,6,1572864,1.84077
6815744,6656,6.5,1703936,1.53168
7340032,7168,7,1835008,1.52871
7864320,7680,7.5,1966080,1.72105
8388608,8192,8,2097152,1.7168
8912896,8704,8.5,2228224,1.76228
9437184,9216,9,2359296,1.55659
9961472,9728,9.5,2490368,1.53907
10485760,10240,10,2621440,1.72553
11010048,10752,10.5,2752512,1.53189
11534336,11264,11,2883584,1.53091
12058624,11776,11.5,3014656,1.5349
12582912,12288,12,3145728,1.53269
13107200,12800,12.5,3276800,1.53327
13631488,13312,13,3407872,1.63464
14155776,13824,13.5,3538944,1.639
14680064,14336,14,3670016,1.55057
15204352,14848,14.5,3801088,1.58131
15728640,15360,15,3932160,1.56528
16252928,15872,15.5,4063232,1.56181
16777216,16384,16,4194304,1.53618
17301504,16896,16.5,4325376,1.54013
17825792,17408,17,4456448,1.61743
18350080,17920,17.5,4587520,1.61381
18874368,18432,18,4718592,2.01747
19398656,18944,18.5,4849664,1.75126
19922944,19456,19,4980736,1.97969
20447232,19968,19.5,5111808,2.10493
20971520,20480,20,5242880,1.60289
21495808,20992,20.5,5373952,1.67236
22020096,21504,21,5505024,1.84291
22544384,22016,21.5,5636096,2.11675
23068672,22528,22,5767168,1.70872
23592960,23040,22.5,5898240,1.55826
24117248,23552,23,6029312,1.57866
24641536,24064,23.5,6160384,1.55781
25165824,24576,24,6291456,1.56254
25690112,25088,24.5,6422528,1.59149
26214400,25600,25,6553600,1.57969
26738688,26112,25.5,6684672,1.59142
27262976,26624,26,6815744,1.56904
27787264,27136,26.5,6946816,1.55587
28311552,27648,27,7077888,1.6025
28835840,28160,27.5,7208960,1.58708
29360128,28672,28,7340032,1.58667
29884416,29184,28.5,7471104,1.83831
30408704,29696,29,7602176,1.6373
30932992,30208,29.5,7733248,1.75491
31457280,30720,30,7864320,1.5894
31981568,31232,30.5,7995392,1.58245
32505856,31744,31,8126464,1.58189
33030144,32256,31.5,8257536,1.59505
33554432,32768,32,8388608,1.60486
36700160,35840,35,9175040,1.63763
41943040,40960,40,10485760,1.75581
47185920,46080,45,11796480,1.68294
52428800,51200,50,13107200,1.63861
57671680,56320,55,14417920,1.66007
62914560,61440,60,15728640,1.6762
68157440,66560,65,17039360,1.65575
73400320,71680,70,18350080,1.75755
78643200,76800,75,19660800,1.6492
83886080,81920,80,20971520,1.68465
89128960,87040,85,22282240,1.66041
94371840,92160,90,23592960,1.69857
99614720,97280,95,24903680,1.75501
104857600,102400,100,26214400,1.65377
110100480,107520,105,27525120,1.64514
115343360,112640,110,28835840,1.67528
120586240,117760,115,30146560,1.73937
125829120,122880,120,31457280,1.68199
131072000,128000,125,32768000,1.65322
136314880,133120,130,34078720,1.66528
141557760,138240,135,35389440,1.64428
146800640,143360,140,36700160,1.65144
152043520,148480,145,38010880,1.65688
157286400,153600,150,39321600,1.64198
